{"alpha": 0.25, "Theta": [[0.5596679201839928, 0.09066798439995293, 0.08057448039343199, 0.1829664154831715, 0.7456100058943868, 0.0674458027616534], [0.13356141333559798, 0.18599477495517483, 0.7901344431622179, 0.6654373060594735, 0.06588759767041548, 0.030006684605958525], [0.16084702797476186, 0.1999408731698321, 0.008156412575672288, 0.0826074297032959, 0.03631188253844712, 0.05153102638218874], [0.1459236385056473, 0.5233963674750404, 0.12113466386867917, 0.06898884875406054, 0.15219051389675192, 0.851016486250201]], "ThetaB": [0.23757377370877567, 0.266397811506749, 0.2577220340077914, 0.23830638077668384]}