{"alpha": 0.8, "Theta": [[0.3748418563411428, 0.09799538607248945, 0.14413123468676403, 0.39795102764384904, 0.11028118259035395, 0.3736156549928094, 0.09962949227830284, 0.14020415593526322, 0.39670687432394186, 0.11120077624728], [0.12598782458691749, 0.2014542110543151, 0.28782541183052945, 0.20036753897543394, 0.22189999568635496, 0.12449881614630973, 0.19991077096871493, 0.284788253161801, 0.1996893205294398, 0.22300482839849783], [0.24860455161184913, 0.301602907386307, 0.14280182882199416, 0.2997026157911086, 0.33913524550929536, 0.2512612142340969, 0.3009684284680431, 0.14258211574901525, 0.301629485589169, 0.3337346673142041], [0.25056576746009057, 0.3989474954868884, 0.42524152466070875, 0.10197881758960575, 0.3286835762139973, 0.2506243146267848, 0.3994913082849399, 0.4324254751539235, 0.10197431955744743, 0.33205972804001416]], "ThetaB": [0.2513765183171569, 0.2488905298615837, 0.25049725099785713, 0.24923570082340216]}