{"w": 10, "alpha": 0.8, "k": 100000, "Theta": [[0.375, 0.1, 0.14285714285714285, 0.4, 0.1111111111111111, 0.375, 0.1, 0.14285714285714285, 0.4, 0.1111111111111111], [0.125, 0.2, 0.2857142857142857, 0.2, 0.2222222222222222, 0.125, 0.2, 0.2857142857142857, 0.2, 0.2222222222222222], [0.25, 0.3, 0.14285714285714285, 0.3, 0.3333333333333333, 0.25, 0.3, 0.14285714285714285, 0.3, 0.3333333333333333], [0.25, 0.4, 0.42857142857142855, 0.1, 0.3333333333333333, 0.25, 0.4, 0.42857142857142855, 0.1, 0.3333333333333333]], "ThetaB": [0.25, 0.25, 0.25, 0.25]}